"Status","Start Time","Stop Time","Duration in ms","Parent Suite","Suite","Sub Suite","Test Class","Test Method","Name","Description"
"passed","Sat Aug 07 12:42:26 GMT 2021","Sat Aug 07 12:43:05 GMT 2021","39772","test_proj","test_index_local","","","","test_t_case011",""
"passed","Sat Aug 07 12:34:06 GMT 2021","Sat Aug 07 12:36:51 GMT 2021","165191","test_proj","test_index_local","","","","test_t_case006",""
"failed","Sat Aug 07 12:40:33 GMT 2021","Sat Aug 07 12:42:26 GMT 2021","112663","test_proj","test_index_local","","","","test_t_case010",""
"passed","Sat Aug 07 12:32:33 GMT 2021","Sat Aug 07 12:32:43 GMT 2021","10745","test_proj","test_index_local","","","","test_t_case002",""
"passed","Sat Aug 07 12:36:51 GMT 2021","Sat Aug 07 12:37:20 GMT 2021","28589","test_proj","test_index_local","","","","test_t_case007",""
"passed","Sat Aug 07 12:32:43 GMT 2021","Sat Aug 07 12:33:07 GMT 2021","23535","test_proj","test_index_local","","","","test_t_case003",""
"passed","Sat Aug 07 12:33:07 GMT 2021","Sat Aug 07 12:33:42 GMT 2021","34744","test_proj","test_index_local","","","","test_t_case004",""
"passed","Sat Aug 07 12:32:00 GMT 2021","Sat Aug 07 12:32:33 GMT 2021","32831","test_proj","test_index_local","","","","test_t_case001",""
"passed","Sat Aug 07 12:37:20 GMT 2021","Sat Aug 07 12:39:47 GMT 2021","147088","test_proj","test_index_local","","","","test_t_case008",""
"passed","Sat Aug 07 12:33:42 GMT 2021","Sat Aug 07 12:34:06 GMT 2021","24154","test_proj","test_index_local","","","","test_t_case005",""
"failed","Sat Aug 07 12:39:47 GMT 2021","Sat Aug 07 12:40:33 GMT 2021","46270","test_proj","test_index_local","","","","test_t_case009",""
